,target,weekDay,weekOfYear,hourOfDay,dayOfMonth,KARAPINAR_Windy,KIVANC_Windy,TEKSIN_Windy,CINGILLI_Windy,BUYUKALAN_Windy,Balikesir_Windy,Gokcedag_Windy,Dinar_Windy,Ucpinar_Windy,Geycek_Windy
0,-196.21,2,17,0,28,2,0,0,0.0,22,1,1,1,0,1
1,-1.4599999999999937,2,17,1,28,2,0,0,0.0,22,1,1,1,0,1
2,0.0,2,17,2,28,18,0,0,0.0,22,1,1,1,0,2
3,-102.18,2,17,3,28,18,1,17,1.0,22,1,1,1,1,2
4,-79.27,2,17,4,28,18,1,17,1.0,22,1,0,1,1,2
5,-194.18,2,17,5,28,0,12,3,1.0,0,1,0,1,2,2
6,-1085.49,2,17,6,28,0,12,3,2.0,0,1,0,1,2,2
7,-357.52,2,17,7,28,0,12,3,2.0,0,1,0,1,2,2
8,371.1500000000001,2,17,8,28,0,0,0,0.0,5,2,1,1,2,2
9,508.2099999999999,2,17,9,28,0,0,0,0.0,5,2,1,1,2,2
10,570.0400000000001,2,17,10,28,0,0,0,0.0,5,2,1,1,2,2
11,542.47,2,17,11,28,2,0,0,4.0,47,2,1,3,1,3
12,598.06,2,17,12,28,2,0,0,4.0,47,2,1,3,1,3
13,1284.6899999999998,2,17,13,28,2,0,0,4.0,47,2,1,3,1,3
14,1531.23,2,17,14,28,27,8,2,0.0,11,4,2,5,0,5
15,1573.8600000000001,2,17,15,28,27,8,2,0.0,11,4,2,5,0,5
16,1104.56,2,17,16,28,27,8,2,0.0,11,4,2,5,0,5
17,907.05,2,17,17,28,27,14,30,42.0,21,2,3,5,0,2
18,322.43,2,17,18,28,22,14,30,42.0,21,2,3,5,1,2
19,-50.81,2,17,19,28,22,14,30,42.0,21,2,3,5,1,2
20,-678.8399999999999,2,17,20,28,63,14,6,30.0,69,1,1,1,2,3
21,140.06,2,17,21,28,63,14,6,30.0,69,1,1,1,2,3
22,64.33,2,17,22,28,63,14,6,30.0,69,1,1,1,2,3
23,-10.219999999999999,2,17,23,28,16,14,31,3.0,45,1,1,1,2,3
24,-109.62,3,17,0,29,79,0,44,32.0,70,1,1,2,2,4
25,-532.19,3,17,1,29,79,0,44,32.0,70,1,1,2,1,3
26,-903.8,3,17,2,29,79,0,44,42.0,32,1,1,2,1,3
27,-730.32,3,17,3,29,45,14,32,42.0,32,1,1,2,1,3
28,-1176.0,3,17,4,29,45,14,32,42.0,32,1,1,2,1,3
29,-1007.02,3,17,5,29,20,2,28,22.0,57,1,1,2,1,3
30,-1375.75,3,17,6,29,20,2,28,22.0,57,1,1,2,1,3
31,-729.3699999999999,3,17,7,29,20,2,28,22.0,57,1,1,2,1,2
32,5.55999999999996,3,17,8,29,20,11,11,11.0,49,1,1,2,1,2
33,172.91,3,17,9,29,50,11,11,11.0,49,1,1,2,1,2
34,175.47,3,17,10,29,50,11,11,11.0,49,1,1,5,2,2
35,0.0,3,17,11,29,50,53,76,67.0,34,3,2,5,2,6
36,25.0,3,17,12,29,70,53,76,67.0,34,3,2,5,2,6
37,85.46000000000001,3,17,13,29,77,53,76,67.0,34,3,2,5,2,6
38,85.08000000000001,3,17,14,29,73,75,59,32.0,49,4,2,6,2,8
39,71.85000000000001,3,17,15,29,73,75,59,32.0,49,4,2,6,2,4
40,-403.04,3,17,16,29,73,75,59,32.0,27,4,2,5,1,4
41,-555.1999999999999,3,17,17,29,8,0,5,32.0,27,2,2,5,1,4
42,-1218.84,3,17,18,29,8,0,5,19.0,27,2,2,5,1,4
43,-909.4100000000001,3,17,19,29,8,0,5,19.0,27,2,1,5,1,4
44,-1015.99,3,17,20,29,2,3,3,19.0,29,0,1,2,1,2
45,-637.04,3,17,21,29,2,3,3,6.0,29,0,1,2,1,2
46,-454.35,3,17,22,29,40,3,3,6.0,29,1,1,2,1,2
47,-490.77,3,17,23,29,40,30,36,2.0,63,1,1,2,2,3
48,-342.77,4,17,0,30,70,53,71,19.0,63,1,1,3,2,3
49,-173.67,4,17,1,30,70,77,71,61.0,64,0,1,1,1,2
50,-180.0,4,17,2,30,80,77,80,61.0,64,0,1,1,1,2
51,-351.43,4,17,3,30,80,77,80,61.0,64,0,1,1,1,2
52,-613.91,4,17,4,30,80,64,80,61.0,64,0,1,1,2,2
53,-870.53,4,17,5,30,80,64,41,72.0,0,1,1,1,2,4
54,-1936.0900000000001,4,17,6,30,55,64,41,72.0,0,1,1,1,2,4
55,-1715.17,4,17,7,30,55,15,13,34.0,0,1,1,1,2,3
56,-1132.98,4,17,8,30,26,15,13,34.0,0,1,1,1,2,3
57,-918.41,4,17,9,30,26,15,13,34.0,0,1,1,1,1,3
58,-959.8699999999999,4,17,10,30,26,15,13,34.0,0,2,1,1,2,3
59,-476.99,4,17,11,30,6,13,6,21.0,0,2,2,3,2,3
60,-256.37,4,17,12,30,6,13,6,1.0,0,2,1,3,2,2
61,-683.53,4,17,13,30,6,13,6,21.0,0,2,1,3,3,3
62,-140.98000000000002,4,17,14,30,42,11,27,44.0,0,2,1,4,3,3
63,191.83999999999997,4,17,15,30,42,11,27,43.0,8,2,1,4,3,3
64,49.050000000000004,4,17,16,30,42,11,22,43.0,8,2,1,4,3,1
65,-542.4100000000001,4,17,17,30,18,9,22,43.0,0,1,2,4,2,1
66,-373.00000000000006,4,17,18,30,18,9,22,43.0,0,1,2,4,2,1
67,0.0,4,17,19,30,18,9,22,2.0,0,1,1,4,2,0
68,-255.79999999999998,4,17,20,30,1,0,0,2.0,0,0,1,2,1,0
69,192.37,4,17,21,30,1,0,0,2.0,0,0,1,2,1,0
70,650.3100000000001,4,17,22,30,0,0,0,0.0,0,0,1,2,1,1
71,398.75,4,17,23,30,0,0,0,0.0,0,1,1,0,1,1
72,173.24000000000004,5,17,0,1,0,0,0,0.0,0,1,1,1,1,1
73,290.2,5,17,1,1,0,0,0,0.0,0,1,1,1,1,1
74,327.44999999999993,5,17,2,1,0,0,0,0.0,0,1,1,1,1,1
75,357.99,5,17,3,1,0,0,0,0.0,0,1,1,1,1,1
76,59.97,5,17,4,1,0,0,0,0.0,0,1,1,1,1,1
77,-404.1,5,17,5,1,0,0,0,0.0,24,1,1,1,1,1
78,-694.59,5,17,6,1,0,0,0,0.0,24,1,1,1,1,1
79,-564.5400000000001,5,17,7,1,0,0,0,0.0,24,1,1,1,1,1
80,-286.96,5,17,8,1,0,0,0,0.0,0,1,0,1,0,1
81,-55.9,5,17,9,1,0,0,0,0.0,0,1,0,1,0,1
82,181.51,5,17,10,1,0,0,0,0.0,0,1,0,1,0,1
83,793.98,5,17,11,1,25,12,7,9.0,5,2,2,1,2,3
84,967.43,5,17,12,1,25,12,7,9.0,5,2,2,1,2,3
85,583.69,5,17,13,1,25,12,7,9.0,5,2,2,1,2,3
86,320.12,5,17,14,1,25,12,10,13.0,61,2,3,2,2,4
87,281.57,5,17,15,1,4,22,10,13.0,61,2,3,2,4,4
88,535.53,5,17,16,1,4,22,10,13.0,61,2,3,2,4,4
89,762.78,5,17,17,1,14,8,25,5.0,41,2,3,2,4,3
90,233.31,5,17,18,1,14,8,25,5.0,41,2,3,2,3,3
91,316.03,5,17,19,1,14,8,25,5.0,41,2,3,2,3,3
92,118.85000000000001,5,17,20,1,14,10,19,6.0,2,2,2,2,4,1
93,225.12,5,17,21,1,14,10,19,6.0,2,2,2,2,4,1
94,42.5,5,17,22,1,14,10,19,6.0,2,2,2,2,4,1
95,120.93,5,17,23,1,0,0,0,13.0,27,1,0,1,4,1
96,-120.4,6,17,0,2,10,5,0,19.0,0,1,0,1,2,2
97,0.0,6,17,1,2,10,28,6,0.0,1,1,0,1,2,2
98,180.76,6,17,2,2,8,28,6,0.0,1,1,1,0,2,2
99,-183.32,6,17,3,2,8,28,6,0.0,1,1,1,0,2,2
100,-289.39,6,17,4,2,8,29,28,4.0,12,2,1,0,0,2
101,-385.09000000000003,6,17,5,2,29,29,28,4.0,12,2,1,1,0,2
102,-1847.59,6,17,6,2,29,29,28,4.0,12,2,1,1,0,1
103,-2524.9,6,17,7,2,44,29,28,4.0,12,1,0,1,0,1
104,-2235.8199999999997,6,17,8,2,44,12,0,24.0,24,1,0,1,2,1
105,-1648.81,6,17,9,2,44,12,0,24.0,24,1,0,1,2,1
106,-1578.8200000000002,6,17,10,2,44,12,0,24.0,0,4,1,1,4,1
107,-1084.8100000000002,6,17,11,2,2,1,0,24.0,0,4,0,2,4,3
108,-798.96,6,17,12,2,2,1,0,23.0,0,4,0,2,4,3
109,-333.02,6,17,13,2,2,22,0,23.0,0,4,3,3,4,3
110,351.35,6,17,14,2,24,22,25,37.0,3,4,3,3,5,3
111,11.340000000000003,6,17,15,2,24,22,25,37.0,3,4,3,3,5,3
112,48.23,6,17,16,2,37,22,32,37.0,17,4,3,3,5,1
113,-134.35,6,17,17,2,37,23,32,30.0,17,3,3,4,5,1
114,-218.13,6,17,18,2,37,23,32,30.0,17,3,3,2,5,1
115,-103.53999999999999,6,17,19,2,14,24,9,13.0,17,3,1,2,4,2
116,-486.77,6,17,20,2,14,24,9,13.0,17,1,1,2,4,2
117,-487.0,6,17,21,2,14,24,9,13.0,21,1,1,2,4,2
118,-483.5,6,17,22,2,14,24,9,17.0,0,1,1,2,4,2
119,-475.49,6,17,23,2,25,11,22,17.0,0,1,1,2,3,2
120,-129.55,0,18,0,3,12,12,10,0.0,7,2,0,2,3,1
121,-302.33,0,18,1,3,0,9,0,0.0,7,1,0,1,4,1
122,-646.76,0,18,2,3,0,9,0,0.0,7,1,0,1,4,1
123,-701.9499999999999,0,18,3,3,0,9,0,0.0,7,1,0,1,4,1
124,-833.3599999999999,0,18,4,3,0,9,0,0.0,7,2,0,1,4,1
125,-1217.07,0,18,5,3,0,7,4,3.0,11,2,1,0,4,1
126,-2401.49,0,18,6,3,10,7,4,3.0,11,2,1,0,4,1
127,-2098.64,0,18,7,3,10,3,4,3.0,11,2,1,1,4,2
128,-1933.67,0,18,8,3,1,3,4,0.0,15,2,1,1,4,2
129,-1440.59,0,18,9,3,1,3,4,0.0,15,2,0,1,4,2
130,-812.3100000000001,0,18,10,3,1,0,4,11.0,15,2,1,3,2,2
131,104.63000000000001,0,18,11,3,6,0,10,11.0,27,2,1,3,2,4
132,208.02,0,18,12,3,6,0,10,11.0,27,2,1,3,2,4
133,432.34000000000003,0,18,13,3,6,19,10,11.0,27,2,1,3,2,4
134,993.86,0,18,14,3,34,19,30,11.0,12,2,1,5,2,5
135,1192.72,0,18,15,3,34,10,30,22.0,12,2,3,5,2,5
136,1170.9699999999998,0,18,16,3,34,30,30,22.0,12,2,3,5,2,2
137,1369.3600000000001,0,18,17,3,34,30,30,49.0,29,2,3,5,2,2
138,1022.01,0,18,18,3,61,30,27,49.0,29,3,3,5,2,2
139,1018.14,0,18,19,3,61,30,27,49.0,29,3,3,5,2,2
140,279.27000000000004,0,18,20,3,31,30,27,20.0,21,2,3,2,1,2
141,47.76999999999999,0,18,21,3,31,8,30,20.0,21,2,0,2,1,2
142,-100.57000000000002,0,18,22,3,31,13,30,20.0,21,1,1,2,1,1
143,-317.32,0,18,23,3,21,13,23,11.0,25,1,1,2,2,1
144,26.220000000000002,1,18,0,4,23,5,16,20.0,25,2,0,1,3,1
145,288.99999999999994,1,18,1,4,23,5,16,20.0,25,2,0,1,3,1
146,644.31,1,18,2,4,23,5,16,20.0,25,2,0,1,3,1
147,300.87999999999994,1,18,3,4,13,15,7,16.0,41,4,1,0,5,3
148,378.6999999999999,1,18,4,4,13,15,7,16.0,41,4,1,0,5,3
149,-827.11,1,18,5,4,60,18,4,16.0,24,4,1,0,4,3
150,-1805.08,1,18,6,4,60,18,4,2.0,24,4,0,0,4,1
151,-1945.3600000000001,1,18,7,4,60,18,4,2.0,24,4,0,0,4,1
152,-470.4599999999999,1,18,8,4,26,41,53,5.0,65,3,0,1,4,1
153,-56.93,1,18,9,4,26,41,53,5.0,65,3,1,1,4,1
154,-77.54,1,18,10,4,26,41,53,5.0,65,3,1,1,4,1
155,754.6099999999999,1,18,11,4,26,54,56,47.0,54,4,1,3,5,1
156,899.8100000000002,1,18,12,4,58,54,56,47.0,54,4,2,3,5,5
157,1217.94,1,18,13,4,58,41,56,47.0,54,4,2,3,5,5
158,2028.7600000000002,1,18,14,4,58,41,77,66.0,54,4,4,4,5,5
159,2246.19,1,18,15,4,77,41,77,66.0,16,5,4,4,5,5
160,2269.01,1,18,16,4,77,41,77,66.0,16,5,4,4,5,5
161,1961.5600000000002,1,18,17,4,77,26,4,65.0,20,5,3,4,5,4
162,1060.09,1,18,18,4,18,26,4,65.0,20,5,3,4,5,4
163,379.85,1,18,19,4,18,26,4,65.0,20,5,3,4,5,4
164,-196.52,1,18,20,4,11,0,5,27.0,0,4,1,4,5,5
165,729.97,1,18,21,4,11,0,5,27.0,0,4,1,2,5,5
166,702.2,1,18,22,4,11,0,5,27.0,0,4,1,2,5,5
167,703.94,1,18,23,4,8,5,30,10.0,0,2,1,2,4,5
168,818.67,2,18,0,5,34,1,32,16.0,1,2,1,2,4,4
169,729.46,2,18,1,5,34,1,32,16.0,0,2,1,2,4,4
170,594.62,2,18,2,5,30,9,10,54.0,0,1,1,1,4,4
171,566.8500000000001,2,18,3,5,12,9,10,11.0,0,1,1,1,4,4
172,639.29,2,18,4,5,12,9,10,11.0,0,1,1,1,4,4
173,881.7900000000001,2,18,5,5,12,0,26,11.0,8,1,1,1,3,4
174,483.53000000000003,2,18,6,5,12,0,26,11.0,8,1,0,1,3,4
175,563.33,2,18,7,5,12,0,26,11.0,8,1,0,1,3,4
176,535.2399999999999,2,18,8,5,32,3,19,21.0,18,1,0,0,3,3
177,675.86,2,18,9,5,32,3,19,21.0,18,1,1,0,3,3
178,873.79,2,18,10,5,32,3,19,21.0,18,1,1,0,3,3
179,924.06,2,18,11,5,28,35,18,44.0,9,1,2,1,3,2
180,908.95,2,18,12,5,28,35,18,44.0,9,1,2,1,3,2
181,1234.01,2,18,13,5,28,35,18,44.0,9,1,2,1,3,2
182,1453.2,2,18,14,5,31,14,10,29.0,19,1,3,3,3,0
183,1456.03,2,18,15,5,31,14,10,29.0,19,1,3,3,3,0
184,1366.98,2,18,16,5,31,14,10,29.0,19,1,3,3,3,0
185,642.62,2,18,17,5,26,21,39,26.0,0,2,3,4,0,1
186,145.78000000000003,2,18,18,5,26,21,39,26.0,0,2,3,4,0,1
187,385.56000000000006,2,18,19,5,26,21,39,26.0,0,2,3,4,0,1
188,33.730000000000004,2,18,20,5,26,3,12,10.0,1,1,1,2,1,3
189,607.65,2,18,21,5,26,3,12,10.0,1,1,1,2,1,3
190,938.7,2,18,22,5,26,3,12,10.0,1,1,1,2,1,3
191,829.39,2,18,23,5,10,12,25,32.0,23,1,1,2,1,2
192,596.4800000000001,3,18,0,6,2,11,7,2.0,3,1,1,2,1,1
193,588.89,3,18,1,6,16,11,17,2.0,23,1,1,2,2,1
194,544.6,3,18,2,6,16,23,17,8.0,23,1,1,1,2,1
195,289.51,3,18,3,6,16,23,17,8.0,23,1,1,1,2,1
196,20.400000000000073,3,18,4,6,16,26,25,8.0,23,1,0,1,2,1
197,501.61999999999995,3,18,5,6,27,26,25,28.0,33,1,0,1,2,1
198,118.16999999999999,3,18,6,6,27,26,25,28.0,33,1,0,1,2,1
199,586.06,3,18,7,6,27,29,31,28.0,50,1,1,1,2,1
200,355.71000000000004,3,18,8,6,54,29,31,37.0,50,1,1,0,1,2
201,1031.5399999999997,3,18,9,6,54,29,31,37.0,50,1,1,0,1,2
202,1777.9900000000002,3,18,10,6,54,29,31,37.0,50,1,2,2,1,2
203,2031.62,3,18,11,6,29,50,48,58.0,27,1,2,2,1,1
204,1839.9099999999999,3,18,12,6,29,51,48,58.0,27,1,2,2,1,1
205,1271.2,3,18,13,6,29,41,48,58.0,6,1,3,5,1,1
206,1116.81,3,18,14,6,22,41,39,17.0,6,1,3,5,2,4
207,1408.3,3,18,15,6,22,41,39,17.0,6,1,3,5,2,4
208,994.62,3,18,16,6,31,41,49,17.0,6,1,3,4,1,3
209,-20.070000000000007,3,18,17,6,31,26,49,82.0,2,1,3,4,1,3
210,-601.4899999999999,3,18,18,6,31,26,49,82.0,2,1,3,4,1,3
211,-400.44,3,18,19,6,31,0,49,82.0,2,1,3,4,1,1
212,-393.37,3,18,20,6,8,0,53,62.0,18,2,3,2,2,1
213,0.0,3,18,21,6,8,0,53,62.0,18,2,3,2,2,1
214,359.43,3,18,22,6,8,0,53,62.0,18,2,1,1,2,1
215,496.26000000000005,3,18,23,6,5,1,15,50.0,6,1,1,1,1,2
216,121.30000000000003,4,18,0,7,0,0,0,25.0,0,1,1,1,1,2
217,280.33000000000004,4,18,1,7,0,0,0,25.0,0,1,1,1,1,2
218,-46.9,4,18,2,7,0,0,0,25.0,0,1,1,1,1,2
219,-66.6,4,18,3,7,0,0,0,7.0,0,1,0,1,1,2
220,-152.43,4,18,4,7,1,0,0,7.0,0,1,0,1,1,2
221,78.91000000000001,4,18,5,7,0,0,0,7.0,0,1,0,1,1,2
222,-480.67,4,18,6,7,0,0,0,8.0,3,1,1,1,2,2
223,-157.57,4,18,7,7,0,0,0,8.0,3,1,1,1,2,2
224,-955.31,4,18,8,7,0,0,0,8.0,3,1,0,1,2,1
225,-589.8199999999999,4,18,9,7,0,0,1,14.0,8,1,0,1,1,1
226,-640.77,4,18,10,7,0,0,1,14.0,8,1,0,1,1,1
227,-218.93,4,18,11,7,0,0,1,14.0,0,1,0,1,1,1
228,-256.53000000000003,4,18,12,7,0,6,2,0.0,0,1,1,1,1,1
229,-689.33,4,18,13,7,0,6,2,0.0,0,1,1,1,1,1
230,-33.800000000000004,4,18,14,7,0,2,0,0.0,9,1,1,1,1,1
231,34.0,4,18,15,7,0,2,0,15.0,9,2,3,2,1,0
232,-25.5,4,18,16,7,0,2,0,15.0,9,2,3,2,3,0
233,76.92,4,18,17,7,13,2,0,15.0,0,2,3,2,3,0
234,354.74,4,18,18,7,13,10,24,17.0,0,2,4,2,2,1
235,334.72999999999996,4,18,19,7,13,10,24,17.0,0,2,4,2,2,1
236,375.58000000000004,4,18,20,7,0,1,0,17.0,0,2,4,2,2,1
237,626.13,4,18,21,7,0,1,0,20.0,25,1,2,2,2,0
238,736.63,4,18,22,7,0,1,0,20.0,25,1,2,1,2,0
239,670.4499999999999,4,18,23,7,0,8,3,5.0,0,1,1,1,2,0
240,759.7,5,18,0,8,10,0,3,3.0,0,1,1,1,2,2
241,1021.5799999999999,5,18,1,8,12,0,4,3.0,0,2,1,1,2,2
242,988.9499999999999,5,18,2,8,12,0,16,3.0,6,2,1,1,2,2
243,889.96,5,18,3,8,14,0,16,3.0,6,2,1,1,2,2
244,1328.9299999999998,5,18,4,8,14,0,16,3.0,6,2,1,1,2,2
245,1016.21,5,18,5,8,20,0,12,0.0,7,1,1,2,2,2
246,630.92,5,18,6,8,21,0,12,0.0,7,1,1,2,2,2
247,281.71,5,18,7,8,21,0,12,0.0,7,1,1,2,2,2
248,1387.6899999999998,5,18,8,8,21,18,12,0.0,40,0,0,0,2,2
249,1884.93,5,18,9,8,21,18,12,0.0,41,0,0,0,2,2
250,1708.5500000000002,5,18,10,8,21,18,12,0.0,41,0,0,0,2,2
251,1694.5500000000002,5,18,11,8,23,23,36,27.0,52,1,1,2,2,4
252,1306.64,5,18,12,8,23,23,35,27.0,52,1,1,2,2,4
253,1257.01,5,18,13,8,23,23,35,27.0,52,1,1,2,2,4
254,1199.87,5,18,14,8,39,25,50,43.0,51,1,2,5,3,4
255,1280.0900000000001,5,18,15,8,39,25,50,43.0,51,1,2,5,3,4
256,1281.07,5,18,16,8,39,25,50,43.0,51,1,2,5,3,4
257,1033.72,5,18,17,8,56,22,29,64.0,37,3,2,3,4,4
258,587.26,5,18,18,8,56,22,29,64.0,37,3,2,3,4,4
259,350.13,5,18,19,8,56,22,29,64.0,37,3,2,3,4,4
260,216.94999999999996,5,18,20,8,31,30,43,29.0,37,4,1,1,5,2
261,444.41999999999996,5,18,21,8,31,30,43,29.0,27,4,1,1,5,2
262,494.28,5,18,22,8,31,30,43,29.0,27,4,1,1,5,2
263,587.5899999999999,5,18,23,8,31,30,21,32.0,2,3,1,1,5,2
264,202.51999999999995,6,18,0,9,3,30,14,21.0,16,3,1,1,5,1
265,357.35,6,18,1,9,3,30,14,21.0,16,3,1,1,4,1
266,612.11,6,18,2,9,3,30,14,21.0,16,3,1,1,4,1
267,533.57,6,18,3,9,4,7,18,8.0,0,3,1,1,5,3
268,422.96000000000004,6,18,4,9,4,7,18,8.0,0,3,1,1,5,3
269,409.58,6,18,5,9,0,7,18,8.0,0,4,1,2,5,3
270,-68.54999999999997,6,18,6,9,0,16,3,4.0,0,4,1,2,5,2
271,386.92999999999995,6,18,7,9,0,16,3,4.0,0,4,1,2,6,2
272,637.84,6,18,8,9,12,8,3,2.0,0,4,1,4,6,2
273,905.3300000000002,6,18,9,9,12,8,3,2.0,0,5,1,4,6,5
274,311.47,6,18,10,9,12,8,3,2.0,0,5,1,4,8,5
275,220.4000000000001,6,18,11,9,68,0,49,2.0,0,5,1,4,8,5
276,365.2800000000001,6,18,12,9,68,0,49,25.0,0,6,2,4,8,5
277,365.01,6,18,13,9,68,0,49,25.0,0,6,2,4,8,5
278,66.74999999999996,6,18,14,9,6,0,49,25.0,0,6,2,4,8,5
279,18.389999999999986,6,18,15,9,6,0,8,31.0,0,7,2,4,8,5
280,567.4699999999998,6,18,16,9,6,0,8,31.0,0,7,2,4,8,5
281,621.2099999999998,6,18,17,9,2,0,8,31.0,0,7,2,4,8,5
282,1020.42,6,18,18,9,2,0,0,2.0,0,7,2,4,8,5
283,1245.94,6,18,19,9,2,0,0,2.0,0,7,2,4,8,5
284,1033.49,6,18,20,9,0,0,0,0.0,0,7,4,3,7,4
285,963.1700000000001,6,18,21,9,0,0,0,0.0,0,5,4,3,7,4
286,783.0000000000001,6,18,22,9,0,0,0,0.0,0,5,4,3,6,4
287,794.02,6,18,23,9,0,0,0,1.0,0,5,4,3,6,5
288,587.4,0,19,0,10,0,0,0,0.0,0,4,4,3,6,5
289,785.2499999999999,0,19,1,10,0,0,0,0.0,0,4,4,3,6,5
290,760.45,0,19,2,10,0,0,0,0.0,0,4,3,2,6,4
291,974.2199999999999,0,19,3,10,0,0,0,0.0,0,4,3,2,6,4
292,724.7499999999999,0,19,4,10,0,0,0,0.0,0,3,3,2,6,4
293,960.2399999999999,0,19,5,10,0,0,0,0.0,0,3,3,2,5,4
294,336.79999999999995,0,19,6,10,0,0,0,0.0,0,3,2,2,5,4
295,400.51,0,19,7,10,0,0,0,0.0,0,4,3,2,5,5
296,-98.25999999999999,0,19,8,10,0,0,0,0.0,0,4,3,2,7,5
297,-564.66,0,19,9,10,0,0,0,0.0,0,4,2,3,7,5
298,-1524.4300000000003,0,19,10,10,0,0,0,0.0,0,5,2,3,7,5
299,-1868.81,0,19,11,10,0,0,0,0.0,0,5,2,3,7,5
300,-1567.07,0,19,12,10,0,0,0,0.0,0,5,2,3,7,5
301,-1636.66,0,19,13,10,0,0,0,0.0,0,5,2,3,7,5
302,-811.98,0,19,14,10,0,0,0,0.0,0,5,2,2,7,5
303,-796.3,0,19,15,10,0,0,0,0.0,0,6,2,2,7,5
304,-593.97,0,19,16,10,0,0,0,0.0,0,6,1,2,7,5
305,-347.94000000000005,0,19,17,10,0,0,0,0.0,0,6,1,3,7,5
306,294.25,0,19,18,10,0,0,0,0.0,0,6,1,3,7,4
307,165.55999999999995,0,19,19,10,0,0,0,0.0,0,6,1,3,7,4
308,504.27000000000004,0,19,20,10,0,0,0,0.0,0,6,1,2,7,4
309,412.06999999999994,0,19,21,10,0,0,0,0.0,0,4,1,2,7,4
310,756.5799999999999,0,19,22,10,0,0,0,0.0,0,4,1,2,6,4
311,857.5500000000001,0,19,23,10,0,0,0,0.0,0,3,1,2,6,4
312,615.11,1,19,0,11,0,0,0,0.0,0,2,2,2,5,4
313,737.67,1,19,1,11,0,0,0,0.0,0,2,2,2,5,4
314,690.81,1,19,2,11,0,0,0,0.0,0,2,2,2,5,2
315,612.79,1,19,3,11,0,0,0,0.0,0,2,2,2,5,2
316,666.6700000000001,1,19,4,11,0,0,0,0.0,0,2,1,2,5,3
317,341.78,1,19,5,11,0,0,0,0.0,0,2,1,2,5,3
318,-116.38,1,19,6,11,0,0,0,0.0,0,2,1,2,5,3
319,72.2,1,19,7,11,0,0,0,0.0,0,2,1,2,6,2
320,-436.29,1,19,8,11,0,0,0,0.0,0,3,1,2,6,2
321,52.170000000000016,1,19,9,11,0,0,0,0.0,0,3,1,2,6,2
322,48.7,1,19,10,11,0,0,0,0.0,0,4,1,2,7,2
323,0.0,1,19,11,11,0,0,0,0.0,0,4,1,1,7,1
324,0.0,1,19,12,11,0,0,0,0.0,0,4,1,1,7,1
325,0.0,1,19,13,11,0,0,0,0.0,0,6,1,1,7,1
326,0.0,1,19,14,11,0,0,0,0.0,5,6,2,1,7,1
327,0.0,1,19,15,11,0,0,0,0.0,5,6,2,1,7,1
328,-10.0,1,19,16,11,0,0,0,0.0,5,6,3,1,7,1
329,42.83,1,19,17,11,0,0,0,0.0,17,5,3,1,7,1
330,123.51,1,19,18,11,0,0,0,0.0,17,5,3,1,7,1
331,1059.4099999999999,1,19,19,11,0,4,0,0.0,17,5,3,1,6,1
332,956.11,1,19,20,11,0,4,0,0.0,16,5,1,1,6,2
333,929.44,1,19,21,11,0,4,0,0.0,16,3,1,1,5,2
334,924.43,1,19,22,11,0,4,0,0.0,16,3,1,1,5,2
335,899.88,1,19,23,11,0,2,0,0.0,9,2,1,1,5,2
336,1140.25,2,19,0,12,0,8,0,0.0,0,2,1,1,5,1
337,1115.92,2,19,1,12,0,8,0,0.0,0,2,1,1,5,1
338,1352.0900000000001,2,19,2,12,0,0,0,0.0,0,2,1,1,3,2
339,1669.82,2,19,3,12,0,0,0,0.0,0,1,1,1,3,2
340,1603.87,2,19,4,12,0,0,0,0.0,0,0,1,1,3,1
341,1189.79,2,19,5,12,0,0,0,0.0,0,0,1,1,3,1
342,766.49,2,19,6,12,0,0,0,0.0,0,0,1,1,3,1
343,452.68000000000006,2,19,7,12,0,0,0,0.0,0,1,1,1,3,1
344,73.71000000000001,2,19,8,12,0,0,0,0.0,0,1,1,1,4,1
345,0.0,2,19,9,12,0,0,0,0.0,0,1,1,1,4,1
346,0.0,2,19,10,12,0,0,0,0.0,0,1,1,1,4,3
347,0.0,2,19,11,12,0,0,0,0.0,1,1,1,2,4,3
348,109.36,2,19,12,12,0,0,0,0.0,1,1,1,2,5,3
349,229.57,2,19,13,12,0,0,0,0.0,1,2,1,2,3,4
350,351.97,2,19,14,12,2,2,0,0.0,10,2,2,2,3,4
351,-339.36,2,19,15,12,2,2,0,0.0,10,2,2,3,3,4
352,-477.92999999999995,2,19,16,12,2,2,0,0.0,10,2,2,3,3,4
353,-253.66999999999996,2,19,17,12,29,5,14,4.0,1,2,3,3,3,4
354,-134.90000000000003,2,19,18,12,29,5,14,4.0,1,2,3,3,3,1
355,250.55999999999997,2,19,19,12,29,5,14,4.0,1,2,3,3,3,2
356,799.0699999999999,2,19,20,12,0,0,4,14.0,0,2,1,3,2,2
357,748.49,2,19,21,12,0,0,4,14.0,0,2,1,2,2,2
358,1272.99,2,19,22,12,0,0,4,14.0,0,1,1,2,2,3
359,1179.32,2,19,23,12,0,0,0,0.0,17,1,1,2,2,3
360,906.3900000000001,3,19,0,13,0,0,0,0.0,27,0,1,2,3,3
361,856.53,3,19,1,13,0,0,0,0.0,27,0,1,1,3,3
362,704.07,3,19,2,13,0,0,0,0.0,4,1,1,1,0,2
363,525.2499999999999,3,19,3,13,0,0,0,0.0,4,1,0,1,0,2
364,184.74,3,19,4,13,0,0,0,0.0,4,1,0,1,0,2
365,-170.84,3,19,5,13,13,15,8,11.0,0,1,0,1,1,2
366,162.68,3,19,6,13,13,15,8,11.0,0,1,0,1,1,2
367,-31.02000000000003,3,19,7,13,13,15,8,11.0,0,1,0,1,1,2
368,-319.61,3,19,8,13,13,23,6,16.0,0,1,0,2,0,2
369,-18.0,3,19,9,13,13,23,6,16.0,0,1,0,2,0,2
370,-450.2,3,19,10,13,10,23,6,16.0,0,1,0,2,0,2
371,-1090.98,3,19,11,13,0,0,0,16.0,0,1,2,4,2,3
372,-1234.74,3,19,12,13,0,0,0,0.0,12,4,2,4,2,3
373,-2019.23,3,19,13,13,0,0,0,0.0,12,4,2,4,2,3
374,-1986.22,3,19,14,13,0,0,0,0.0,26,5,3,4,3,3
375,-2061.92,3,19,15,13,0,0,0,0.0,26,5,3,4,3,3
376,-2297.72,3,19,16,13,0,0,0,0.0,26,5,3,4,3,3
377,-1840.77,3,19,17,13,18,17,5,8.0,0,5,3,3,5,2
378,-1800.98,3,19,18,13,18,17,5,8.0,0,5,3,3,5,2
379,-1674.03,3,19,19,13,18,17,5,8.0,0,5,3,3,5,2
380,-806.1899999999999,3,19,20,13,0,17,5,0.0,0,2,1,2,3,2
381,-462.02000000000004,3,19,21,13,0,17,0,0.0,0,2,1,2,3,2
382,-529.57,3,19,22,13,0,17,0,0.0,0,2,1,2,3,2
383,150.47,3,19,23,13,0,0,0,0.0,0,2,1,2,2,2
384,-766.02,4,19,0,14,0,4,0,0.0,0,1,1,2,2,2
385,-1150.22,4,19,1,14,8,0,5,0.0,0,2,1,2,2,2
386,-1148.45,4,19,2,14,8,0,5,0.0,9,2,1,2,1,2
387,-547.46,4,19,3,14,8,0,5,0.0,9,2,1,2,1,2
388,-398.68,4,19,4,14,8,0,5,0.0,1,2,1,1,1,2
389,-590.3199999999999,4,19,5,14,8,4,0,1.0,1,2,1,1,3,2
390,-1189.8299999999997,4,19,6,14,2,4,0,1.0,1,2,1,1,3,2
391,-1462.55,4,19,7,14,2,26,0,8.0,1,2,1,2,5,2
392,-1211.94,4,19,8,14,2,26,0,8.0,1,2,1,2,5,2
393,-395.43,4,19,9,14,1,16,1,8.0,0,2,1,2,5,2
394,22.770000000000003,4,19,10,14,0,16,1,8.0,0,2,1,2,7,2
395,120.92,4,19,11,14,0,16,0,0.0,0,4,2,3,7,3
396,144.92000000000002,4,19,12,14,0,5,0,0.0,0,4,3,3,7,3
397,138.05,4,19,13,14,0,5,1,0.0,0,4,3,3,7,3
398,-220.72,4,19,14,14,0,5,1,0.0,0,4,3,4,7,3
399,-705.04,4,19,15,14,0,5,1,0.0,0,4,3,3,5,4
400,-1082.86,4,19,16,14,0,0,1,0.0,0,4,3,3,5,4
401,-1115.2399999999998,4,19,17,14,0,0,0,0.0,0,4,3,3,5,3
402,-1274.23,4,19,18,14,0,0,0,0.0,0,4,1,3,5,3
403,-1198.77,4,19,19,14,0,0,0,0.0,0,4,1,1,3,3
404,-85.47999999999999,4,19,20,14,0,0,0,0.0,0,5,1,1,3,3
405,336.36,4,19,21,14,0,0,0,0.0,0,5,1,2,3,2
406,0.0,4,19,22,14,0,0,0,0.0,0,5,1,2,3,2
407,70.8,4,19,23,14,0,0,0,0.0,0,2,1,2,3,2
408,57.13,5,19,0,15,0,0,0,0.0,0,1,1,2,3,2
409,96.95,5,19,1,15,0,0,0,0.0,0,1,1,2,3,2
410,80.5,5,19,2,15,0,1,0,0.0,0,1,1,2,3,2
411,49.23,5,19,3,15,0,1,0,0.0,0,1,1,0,3,2
412,53.17,5,19,4,15,0,1,0,0.0,0,1,0,0,2,2
413,141.84999999999997,5,19,5,15,0,1,0,0.0,0,1,1,0,2,2
414,-172.38,5,19,6,15,0,1,0,0.0,0,1,1,0,2,1
415,-95.97,5,19,7,15,0,1,0,0.0,6,1,1,0,2,1
416,308.62,5,19,8,15,0,1,0,0.0,0,1,1,0,2,1
417,673.19,5,19,9,15,0,1,0,0.0,0,1,1,1,2,1
418,949.69,5,19,10,15,0,1,0,0.0,0,1,1,1,2,1
419,1133.01,5,19,11,15,23,1,0,0.0,0,1,1,2,1,1
420,1359.88,5,19,12,15,23,1,21,2.0,0,1,2,2,1,1
421,1303.19,5,19,13,15,6,5,21,2.0,0,1,3,2,1,1
422,1851.05,5,19,14,15,6,9,17,2.0,0,1,3,2,4,1
423,2095.24,5,19,15,15,6,9,17,13.0,0,2,2,2,4,1
424,2004.5800000000002,5,19,16,15,6,9,17,31.0,6,2,4,3,4,1
425,1589.96,5,19,17,15,9,0,0,31.0,6,2,4,3,4,1
426,1785.1499999999999,5,19,18,15,9,0,0,31.0,6,2,4,3,4,1
427,1813.65,5,19,19,15,0,0,0,31.0,6,2,2,1,3,1
428,1071.01,5,19,20,15,0,0,0,1.0,0,3,2,1,3,2
429,1100.77,5,19,21,15,0,0,0,1.0,0,3,2,1,3,2
430,845.25,5,19,22,15,1,13,4,0.0,25,3,2,1,3,2
431,0.0,5,19,23,15,1,0,4,0.0,0,3,1,1,1,2
